[{"model": "admin.logentry", "pk": 1, "fields": {"action_time": "2025-04-26T14:42:35.477Z", "user": 1, "content_type": 9, "object_id": "1", "object_repr": "Python. Kurs Podstawowy", "action_flag": 1, "change_message": "[{\"added\": {}}]"}}, {"model": "admin.logentry", "pk": 2, "fields": {"action_time": "2025-04-26T14:42:44.718Z", "user": 1, "content_type": 9, "object_id": "2", "object_repr": "Java. Rusz gÔö╝├ęowÔöÇ┼»!", "action_flag": 1, "change_message": "[{\"added\": {}}]"}}, {"model": "admin.logentry", "pk": 3, "fields": {"action_time": "2025-04-26T14:43:21.511Z", "user": 1, "content_type": 10, "object_id": "2", "object_repr": "Matematyka #1", "action_flag": 2, "change_message": "[{\"changed\": {\"fields\": [\"Bibliography\"]}}]"}}, {"model": "admin.logentry", "pk": 4, "fields": {"action_time": "2025-04-26T14:43:53.351Z", "user": 1, "content_type": 10, "object_id": "2", "object_repr": "Matematyka #2", "action_flag": 2, "change_message": "[{\"changed\": {\"fields\": [\"Title\"]}}]"}}, {"model": "admin.logentry", "pk": 5, "fields": {"action_time": "2025-04-26T14:44:56.489Z", "user": 1, "content_type": 10, "object_id": "5", "object_repr": "Matematyka #5", "action_flag": 2, "change_message": "[{\"changed\": {\"fields\": [\"Title\", \"Description\"]}}]"}}, {"model": "admin.logentry", "pk": 6, "fields": {"action_time": "2025-04-26T14:45:46.352Z", "user": 1, "content_type": 10, "object_id": "4", "object_repr": "Matematyka #4", "action_flag": 2, "change_message": "[{\"changed\": {\"fields\": [\"Title\", \"Description\", \"Tags\"]}}]"}}, {"model": "admin.logentry", "pk": 7, "fields": {"action_time": "2025-04-26T15:10:13.551Z", "user": 1, "content_type": 9, "object_id": "3", "object_repr": "Programowanie w Go. Poznaj prosty i wydajny j─Özyk od Google", "action_flag": 1, "change_message": "[{\"added\": {}}]"}}, {"model": "admin.logentry", "pk": 8, "fields": {"action_time": "2025-04-26T15:10:29.077Z", "user": 1, "content_type": 9, "object_id": "4", "object_repr": "Naucz si─Ö Gita. Praktyczny podr─Öcznik wizualny dla pocz─ůtkuj─ůcych", "action_flag": 1, "change_message": "[{\"added\": {}}]"}}, {"model": "admin.logentry", "pk": 9, "fields": {"action_time": "2025-04-26T15:10:40.923Z", "user": 1, "content_type": 9, "object_id": "5", "object_repr": "B┼éyskawiczny kurs JavaScript. Praktyczne wprowadzenie do programowania", "action_flag": 1, "change_message": "[{\"added\": {}}]"}}, {"model": "admin.logentry", "pk": 10, "fields": {"action_time": "2025-04-26T15:10:48.451Z", "user": 1, "content_type": 9, "object_id": "6", "object_repr": "https://helion.pl/ksiazki/uczenie-maszynowe-z-uzyciem-scikit-learn-keras-i-tensorflow-wydanie-iii-aurelien-geron,uczem3.htm#format/d", "action_flag": 1, "change_message": "[{\"added\": {}}]"}}, {"model": "admin.logentry", "pk": 11, "fields": {"action_time": "2025-04-26T15:11:06.050Z", "user": 1, "content_type": 9, "object_id": "6", "object_repr": "https://helion.pl/ksiazki/uczenie-maszynowe-z-uzyciem-scikit-learn-keras-i-tensorflow-wydanie-iii-aurelien-geron,uczem3.htm#format/d", "action_flag": 3, "change_message": ""}}, {"model": "admin.logentry", "pk": 12, "fields": {"action_time": "2025-04-26T15:11:19.443Z", "user": 1, "content_type": 9, "object_id": "7", "object_repr": "Web accessibility. Wprowadzenie do dost─Öpno┼Ťci cyfrowej", "action_flag": 1, "change_message": "[{\"added\": {}}]"}}, {"model": "admin.logentry", "pk": 13, "fields": {"action_time": "2025-04-26T15:11:29.269Z", "user": 1, "content_type": 9, "object_id": "8", "object_repr": "JavaScript i jQuery. Interaktywne strony WWW dla ka┼╝dego. Podr─Öcznik Front-End Developera", "action_flag": 1, "change_message": "[{\"added\": {}}]"}}, {"model": "admin.logentry", "pk": 14, "fields": {"action_time": "2025-04-26T15:11:37.156Z", "user": 1, "content_type": 9, "object_id": "9", "object_repr": "PHP i MySQL. Aplikacje internetowe po stronie serwera", "action_flag": 1, "change_message": "[{\"added\": {}}]"}}, {"model": "admin.logentry", "pk": 15, "fields": {"action_time": "2025-04-26T15:11:48.596Z", "user": 1, "content_type": 9, "object_id": "10", "object_repr": "Nowoczesny C. Przegl─ůd C23 z przyk┼éadami", "action_flag": 1, "change_message": "[{\"added\": {}}]"}}, {"model": "admin.logentry", "pk": 16, "fields": {"action_time": "2025-04-26T15:16:19.143Z", "user": 1, "content_type": 9, "object_id": "11", "object_repr": "Linux dla admina. Najlepsze praktyki. O czym pami─Öta─ç podczas projektowania i zarz─ůdzania systemami", "action_flag": 1, "change_message": "[{\"added\": {}}]"}}, {"model": "auth.permission", "pk": 1, "fields": {"name": "Can add log entry", "content_type": 1, "codename": "add_logentry"}}, {"model": "auth.permission", "pk": 2, "fields": {"name": "Can change log entry", "content_type": 1, "codename": "change_logentry"}}, {"model": "auth.permission", "pk": 3, "fields": {"name": "Can delete log entry", "content_type": 1, "codename": "delete_logentry"}}, {"model": "auth.permission", "pk": 4, "fields": {"name": "Can view log entry", "content_type": 1, "codename": "view_logentry"}}, {"model": "auth.permission", "pk": 5, "fields": {"name": "Can add permission", "content_type": 2, "codename": "add_permission"}}, {"model": "auth.permission", "pk": 6, "fields": {"name": "Can change permission", "content_type": 2, "codename": "change_permission"}}, {"model": "auth.permission", "pk": 7, "fields": {"name": "Can delete permission", "content_type": 2, "codename": "delete_permission"}}, {"model": "auth.permission", "pk": 8, "fields": {"name": "Can view permission", "content_type": 2, "codename": "view_permission"}}, {"model": "auth.permission", "pk": 9, "fields": {"name": "Can add group", "content_type": 3, "codename": "add_group"}}, {"model": "auth.permission", "pk": 10, "fields": {"name": "Can change group", "content_type": 3, "codename": "change_group"}}, {"model": "auth.permission", "pk": 11, "fields": {"name": "Can delete group", "content_type": 3, "codename": "delete_group"}}, {"model": "auth.permission", "pk": 12, "fields": {"name": "Can view group", "content_type": 3, "codename": "view_group"}}, {"model": "auth.permission", "pk": 13, "fields": {"name": "Can add user", "content_type": 4, "codename": "add_user"}}, {"model": "auth.permission", "pk": 14, "fields": {"name": "Can change user", "content_type": 4, "codename": "change_user"}}, {"model": "auth.permission", "pk": 15, "fields": {"name": "Can delete user", "content_type": 4, "codename": "delete_user"}}, {"model": "auth.permission", "pk": 16, "fields": {"name": "Can view user", "content_type": 4, "codename": "view_user"}}, {"model": "auth.permission", "pk": 17, "fields": {"name": "Can add content type", "content_type": 5, "codename": "add_contenttype"}}, {"model": "auth.permission", "pk": 18, "fields": {"name": "Can change content type", "content_type": 5, "codename": "change_contenttype"}}, {"model": "auth.permission", "pk": 19, "fields": {"name": "Can delete content type", "content_type": 5, "codename": "delete_contenttype"}}, {"model": "auth.permission", "pk": 20, "fields": {"name": "Can view content type", "content_type": 5, "codename": "view_contenttype"}}, {"model": "auth.permission", "pk": 21, "fields": {"name": "Can add session", "content_type": 6, "codename": "add_session"}}, {"model": "auth.permission", "pk": 22, "fields": {"name": "Can change session", "content_type": 6, "codename": "change_session"}}, {"model": "auth.permission", "pk": 23, "fields": {"name": "Can delete session", "content_type": 6, "codename": "delete_session"}}, {"model": "auth.permission", "pk": 24, "fields": {"name": "Can view session", "content_type": 6, "codename": "view_session"}}, {"model": "auth.permission", "pk": 25, "fields": {"name": "Can add category", "content_type": 7, "codename": "add_category"}}, {"model": "auth.permission", "pk": 26, "fields": {"name": "Can change category", "content_type": 7, "codename": "change_category"}}, {"model": "auth.permission", "pk": 27, "fields": {"name": "Can delete category", "content_type": 7, "codename": "delete_category"}}, {"model": "auth.permission", "pk": 28, "fields": {"name": "Can view category", "content_type": 7, "codename": "view_category"}}, {"model": "auth.permission", "pk": 29, "fields": {"name": "Can add tag", "content_type": 8, "codename": "add_tag"}}, {"model": "auth.permission", "pk": 30, "fields": {"name": "Can change tag", "content_type": 8, "codename": "change_tag"}}, {"model": "auth.permission", "pk": 31, "fields": {"name": "Can delete tag", "content_type": 8, "codename": "delete_tag"}}, {"model": "auth.permission", "pk": 32, "fields": {"name": "Can view tag", "content_type": 8, "codename": "view_tag"}}, {"model": "auth.permission", "pk": 33, "fields": {"name": "Can add books", "content_type": 9, "codename": "add_books"}}, {"model": "auth.permission", "pk": 34, "fields": {"name": "Can change books", "content_type": 9, "codename": "change_books"}}, {"model": "auth.permission", "pk": 35, "fields": {"name": "Can delete books", "content_type": 9, "codename": "delete_books"}}, {"model": "auth.permission", "pk": 36, "fields": {"name": "Can view books", "content_type": 9, "codename": "view_books"}}, {"model": "auth.permission", "pk": 37, "fields": {"name": "Can add files", "content_type": 10, "codename": "add_files"}}, {"model": "auth.permission", "pk": 38, "fields": {"name": "Can change files", "content_type": 10, "codename": "change_files"}}, {"model": "auth.permission", "pk": 39, "fields": {"name": "Can delete files", "content_type": 10, "codename": "delete_files"}}, {"model": "auth.permission", "pk": 40, "fields": {"name": "Can view files", "content_type": 10, "codename": "view_files"}}, {"model": "auth.user", "pk": 1, "fields": {"password": "pbkdf2_sha256$1000000$Fdm8ecl1t1nSmR4PWCkYnX$jVKCkSnvv3f07MV5OudCutEVsu9Uada6vNgHIQvThrQ=", "last_login": "2025-04-26T14:42:25.768Z", "is_superuser": true, "username": "JJaneq", "first_name": "", "last_name": "", "email": "", "is_staff": true, "is_active": true, "date_joined": "2025-04-26T14:42:17.514Z", "groups": [], "user_permissions": []}}, {"model": "contenttypes.contenttype", "pk": 1, "fields": {"app_label": "admin", "model": "logentry"}}, {"model": "contenttypes.contenttype", "pk": 2, "fields": {"app_label": "auth", "model": "permission"}}, {"model": "contenttypes.contenttype", "pk": 3, "fields": {"app_label": "auth", "model": "group"}}, {"model": "contenttypes.contenttype", "pk": 4, "fields": {"app_label": "auth", "model": "user"}}, {"model": "contenttypes.contenttype", "pk": 5, "fields": {"app_label": "contenttypes", "model": "contenttype"}}, {"model": "contenttypes.contenttype", "pk": 6, "fields": {"app_label": "sessions", "model": "session"}}, {"model": "contenttypes.contenttype", "pk": 7, "fields": {"app_label": "files", "model": "category"}}, {"model": "contenttypes.contenttype", "pk": 8, "fields": {"app_label": "files", "model": "tag"}}, {"model": "contenttypes.contenttype", "pk": 9, "fields": {"app_label": "files", "model": "books"}}, {"model": "contenttypes.contenttype", "pk": 10, "fields": {"app_label": "files", "model": "files"}}, {"model": "sessions.session", "pk": "h33qiy1xdbx9u8estkcqyp8vksaisart", "fields": {"session_data": ".eJxVjEEOwiAQRe_C2pBSGAou3XsGMjCDVA0kpV0Z765NutDtf-_9lwi4rSVsnZcwkzgLJU6_W8T04LoDumO9NZlaXZc5yl2RB-3y2oifl8P9OyjYy7ceFNhsEhAgDSZRdGCJvEXtJzZuBFJE5CbN0YzgGVBx1tlbrzXqaMT7A-tQOBI:1u8gjZ:RLQ--yu6KfKGw5Cg5QXu3TJ0LBsaoQPP3wVEh_Yv4EU", "expire_date": "2025-05-10T14:42:25.777Z"}}, {"model": "files.category", "pk": 1, "fields": {"name": "matematyka"}}, {"model": "files.category", "pk": 2, "fields": {"name": "fizyka"}}, {"model": "files.category", "pk": 3, "fields": {"name": "biologia"}}, {"model": "files.category", "pk": 4, "fields": {"name": "historia"}}, {"model": "files.category", "pk": 5, "fields": {"name": "informatyka"}}, {"model": "files.category", "pk": 6, "fields": {"name": "chemia"}}, {"model": "files.category", "pk": 7, "fields": {"name": "geografia"}}, {"model": "files.category", "pk": 8, "fields": {"name": "polski"}}, {"model": "files.category", "pk": 9, "fields": {"name": "angielski"}}, {"model": "files.category", "pk": 10, "fields": {"name": "niemiecki"}}, {"model": "files.tag", "pk": 1, "fields": {"name": "matma"}}, {"model": "files.tag", "pk": 2, "fields": {"name": "stat"}}, {"model": "files.tag", "pk": 3, "fields": {"name": "statystyka"}}, {"model": "files.tag", "pk": 4, "fields": {"name": "ai"}}, {"model": "files.tag", "pk": 5, "fields": {"name": "si"}}, {"model": "files.tag", "pk": 6, "fields": {"name": "fiz"}}, {"model": "files.tag", "pk": 7, "fields": {"name": "fizyka"}}, {"model": "files.tag", "pk": 8, "fields": {"name": "termodynamika"}}, {"model": "files.tag", "pk": 9, "fields": {"name": "new_tag"}}, {"model": "files.books", "pk": 1, "fields": {"title": "Python. Kurs Podstawowy"}}, {"model": "files.books", "pk": 2, "fields": {"title": "Java. Rusz gÔö╝├ęowÔöÇ┼»!"}}, {"model": "files.books", "pk": 3, "fields": {"title": "Programowanie w Go. Poznaj prosty i wydajny j─Özyk od Google"}}, {"model": "files.books", "pk": 4, "fields": {"title": "Naucz si─Ö Gita. Praktyczny podr─Öcznik wizualny dla pocz─ůtkuj─ůcych"}}, {"model": "files.books", "pk": 5, "fields": {"title": "B┼éyskawiczny kurs JavaScript. Praktyczne wprowadzenie do programowania"}}, {"model": "files.books", "pk": 7, "fields": {"title": "Web accessibility. Wprowadzenie do dost─Öpno┼Ťci cyfrowej"}}, {"model": "files.books", "pk": 8, "fields": {"title": "JavaScript i jQuery. Interaktywne strony WWW dla ka┼╝dego. Podr─Öcznik Front-End Developera"}}, {"model": "files.books", "pk": 9, "fields": {"title": "PHP i MySQL. Aplikacje internetowe po stronie serwera"}}, {"model": "files.books", "pk": 10, "fields": {"title": "Nowoczesny C. Przegl─ůd C23 z przyk┼éadami"}}, {"model": "files.books", "pk": 11, "fields": {"title": "Linux dla admina. Najlepsze praktyki. O czym pami─Öta─ç podczas projektowania i zarz─ůdzania systemami"}}, {"model": "files.files", "pk": 1, "fields": {"title": "Matematyka #1", "description": "Matematyka - notatka pierwsza", "author": "JJaneq", "upload_date": "2025-04-26T14:37:52.210Z", "file": "store/files/plik_txt.txt", "downloads": 1, "delete_time": null, "date": "2025-04-26", "rating": 0.0, "rating_count": 0, "categories": [1], "tags": [1, 2, 3], "bibliography": []}}, {"model": "files.files", "pk": 2, "fields": {"title": "Matematyka #2", "description": "Matematyka - notatka pierwsza", "author": "JJaneq", "upload_date": "2025-04-26T14:39:07.201Z", "file": "store/files/plik_txt.txt", "downloads": 534, "delete_time": null, "date": "2025-04-26", "rating": 0.0, "rating_count": 0, "categories": [1], "tags": [1, 2, 3], "bibliography": [1, 2]}}, {"model": "files.files", "pk": 3, "fields": {"title": "Matematyka #3", "description": "Matematyka - notatka pierwsza", "author": "JJaneq", "upload_date": "2025-04-26T14:44:13.639Z", "file": "store/files/plik_pdf.pdf", "downloads": 85454, "delete_time": null, "date": "2025-04-26", "rating": 0.0, "rating_count": 0, "categories": [1], "tags": [1, 2, 3], "bibliography": [1]}}, {"model": "files.files", "pk": 4, "fields": {"title": "Matematyka #4", "description": "Matematyka - jakaÔö╝┼Ą notatka, z opisem dÔö╝├ęuÔö╝ÔĽŁszym niÔö╝ÔĽŁ 2 sÔö╝├ęowa.", "author": "JJaneq", "upload_date": "2025-04-26T14:44:37.787Z", "file": "store/files/plik_pdf.pdf", "downloads": 3, "delete_time": null, "date": "2025-04-26", "rating": 0.0, "rating_count": 0, "categories": [1], "tags": [2], "bibliography": [1]}}, {"model": "files.files", "pk": 5, "fields": {"title": "Matematyka #5", "description": "Matematyka - notatka dalsza", "author": "JJaneq", "upload_date": "2025-04-26T14:44:42.176Z", "file": "store/files/plik_pdf.pdf", "downloads": 0, "delete_time": null, "date": "2025-04-26", "rating": 0.0, "rating_count": 0, "categories": [1], "tags": [3, 4, 5], "bibliography": [1]}}, {"model": "files.files", "pk": 6, "fields": {"title": "matematyka #6", "description": "matematyka - notatka 1", "author": "JJaneq", "upload_date": "2025-04-26T12:59:24.426Z", "file": "store/files/plik_pdf.pdf", "downloads": 11, "delete_time": null, "date": "2025-04-26", "rating": 0.0, "rating_count": 0, "categories": [1], "tags": [1, 2], "bibliography": [1, 2]}}, {"model": "files.files", "pk": 7, "fields": {"title": "matematyka #7", "description": "matematyka - notatka 2", "author": "JJaneq", "upload_date": "2025-04-26T12:59:25.426Z", "file": "store/files/plik_txt.txt", "downloads": 2137, "delete_time": null, "date": "2025-04-26", "rating": 0.0, "rating_count": 0, "categories": [1], "tags": [1, 2], "bibliography": [1, 2]}}, {"model": "files.files", "pk": 8, "fields": {"title": "matematyka #8", "description": "matematyka - notatka 3", "author": "JJaneq", "upload_date": "2025-04-26T12:59:26.426Z", "file": "store/files/plik_doc.docx", "downloads": 0, "delete_time": null, "date": "2025-04-26", "rating": 0.0, "rating_count": 0, "categories": [1], "tags": [1, 2], "bibliography": [1, 2]}}, {"model": "files.files", "pk": 9, "fields": {"title": "matematyka #9", "description": "matematyka - notatka 4", "author": "JJaneq", "upload_date": "2025-04-26T12:59:27.426Z", "file": "store/files/plik_pdf.pdf", "downloads": 1, "delete_time": null, "date": "2025-04-26", "rating": 0.0, "rating_count": 0, "categories": [1], "tags": [1, 2], "bibliography": [1, 2]}}, {"model": "files.files", "pk": 10, "fields": {"title": "matematyka #10", "description": "matematyka - notatka 5", "author": "JJaneq", "upload_date": "2025-04-26T12:59:28.426Z", "file": "store/files/plik_txt.txt", "downloads": 0, "delete_time": null, "date": "2025-04-26", "rating": 0.0, "rating_count": 0, "categories": [1], "tags": [1, 2], "bibliography": [1, 2]}}, {"model": "files.files", "pk": 11, "fields": {"title": "Fizyka #1", "description": "Fizyka sdifaidsfngiadniguanduirgb", "author": "other", "upload_date": "2025-04-26T15:18:21.568Z", "file": "store/files/plik_pdf.pdf", "downloads": 420, "delete_time": null, "date": "2025-04-26", "rating": 0.0, "rating_count": 0, "categories": [1, 2], "tags": [6, 7, 8], "bibliography": [2, 5]}}, {"model": "files.files", "pk": 12, "fields": {"title": "Fizyka #2", "description": "Fizyka dabsfgiunasfign iadfhgidarng jernerhgruirenginer earguiqwh4tfiheri werthejrkgnjaedrngfj ert hejrngkjenrgi eargnerng jkenr ehnrgkjerngj kneqrjk rejqn tnqkern erq iqerng  eqr jkgqfe rirqeio gnre ieqrn ijren giqerbn gjg ierqn gierq guierb jerj i erquqeir uiq4b tbuiqr 3fuiq euigbe qbgequi gbbfg jdkfjdf si s ergui er ikea  herwguin ewri eriu wghuregergiogre", "author": "other", "upload_date": "2025-04-26T15:19:52.981Z", "file": "store/files/plik_txt.txt", "downloads": 125, "delete_time": null, "date": "2025-04-26", "rating": 0.0, "rating_count": 0, "categories": [1, 2], "tags": [6, 7, 8], "bibliography": [7, 5]}}, {"model": "files.files", "pk": 13, "fields": {"title": "Fizyka #3", "description": "Fizyka dabsfgiunasfign iadfhgidarng jernerhgruirenginer earguiqwh4tfiheri werthejrkgnjaedrngfj ert hejrngkjenrgi eargnerng jkenr ehnrgkjerngj kneqrjk rejqn tnqkern erq iqerng  eqr jkgqfe rirqeio gnre ieqrn ijren giqerbn gjg ierqn gierq guierb jerj i erquqeir uiq4b tbuiqr 3fuiq euigbe qbgequi gbbfg jdkfjdf si s ergui er ikea  herwguin ewri eriu wghuregergiogredsf ergt df gderw tg e re rg", "author": "other", "upload_date": "2025-04-26T15:20:27.512Z", "file": "store/files/plik_txt.txt", "downloads": 0, "delete_time": null, "date": "2025-04-26", "rating": 0.0, "rating_count": 0, "categories": [1, 2], "tags": [6, 9], "bibliography": [7, 9]}}, {"model": "files.files", "pk": 14, "fields": {"title": "Fizyka #4", "description": "sdrhnvdsfh  srjgbgdshj radsrrg fhbeahr awgef uk wrhji be huio se  h  e4wih sgr h  etrhjkl esrtrkl   hklaetr hkl  etw hil etr5hio et5 5 hio e4tio; aet54  hioet5 hio;  etghuil et4 4 io; ew5y uilqet4 yuil  qet4 yio ewyuil yqet4 io  3wr4q4io etr4 a4yui  et4io etr4 4io  et4 tr", "author": "other", "upload_date": "2025-04-26T15:21:04.214Z", "file": "store/files/plik_txt.txt", "downloads": 0, "delete_time": null, "date": "2025-04-26", "rating": 0.0, "rating_count": 0, "categories": [1, 2, 3], "tags": [6, 9], "bibliography": [7, 9]}}]
